hotel_name, hotel_hood, price 
Mercure Airport Hotel Berlin Tegel,Berlin,Der Preis beträgt 287 €
287 €
The Ritz-Carlton, Berlin,Mitte,Der Preis beträgt 468 €
468 €
TWO Hotel Berlin by Axel - Adults Only,Charlottenburg-Wilmersdorf,Der neue Preis beträgt 142 €
142 €
Motel Plus Berlin,Neukölln,Der Preis beträgt 83 €
83 €
Good Morning + Berlin City East,Lichtenberg,Der Preis beträgt 93 €
93 €
Living Hotel Weißensee,Pankow,Der Preis beträgt 132 €
132 €
Erlanger Hof,Neukölln,Der neue Preis beträgt 112 €
112 €
SO/ Berlin Das Stue,Mitte,Der Preis beträgt 441 €
441 €
The Kater,Berlin,Der Preis beträgt 223 €
223 €
Axel Hotel Berlin - Adults Only,Berlin,Der Preis beträgt 198 €
198 €
Grimms Potsdamer Platz,Mitte,Der Preis beträgt 245 €
245 €
Michels Apart Hotel Berlin,Charlottenburg-Wilmersdorf,Der neue Preis beträgt 292 €
292 €
MEININGER Hotel Berlin Airport,Berlin,Der Preis beträgt 84 €
84 €
Hotel Müggelsee Berlin,Berlin,Der neue Preis beträgt 94 €
94 €
Seminaris CampusHotel Lifestyle + Design Berlin,Berlin,Der neue Preis beträgt 186 €
186 €
Hotel Helle Mitte Berlin,Berlin,Der neue Preis beträgt 58 €
58 €
DämeritzSeehotel,Hessenwinkel,Der Preis beträgt 109 €
109 €
MEININGER Hotel Berlin East Side Gallery,Berlin,Der Preis beträgt 118 €
118 €
Hotel Klassik Berlin,Berlin,Der Preis beträgt 108 €
108 €
Honigmond Boutique Hotel Berlin-Mitte,Mitte,Der neue Preis beträgt 189 €
189 €
Exe Hotel Klee Berlin Excellence Class,Berlin,Der neue Preis beträgt 195 €
195 €
Vienna House Easy Berlin,Pankow,Der neue Preis beträgt 169 €
169 €
Mondrian Suites Berlin Checkpoint Charlie,Berlin,Der neue Preis beträgt 221 €
221 €
Angleterre Hotel,Berlin,Der neue Preis beträgt 227 €
227 €
Hotel MANI by AMANO Group,Mitte,Der Preis beträgt 209 €
209 €
Bett & Buch Hotel,Berlin,Der neue Preis beträgt 81 €
81 €
Holiday Inn Berlin - City East Side,Berlin,Der Preis beträgt 173 €
173 €
Sheraton Berlin Grand Hotel Esplanade,Mitte,Der Preis beträgt 513 €
513 €
Hotel Pankow,Pankow,Der Preis beträgt 103 €
103 €
Hotel PLUS Berlin,Berlin,Der Preis beträgt 137 €
137 €
IBB Blue Hotel Adlershof Berlin-Airport,Berlin,Der Preis beträgt 98 €
98 €
Victor's Residenz-Hotel Berlin,Pankow,Der Preis beträgt 228 €
228 €
Adele Designhotel,Pankow,Der neue Preis beträgt 144 €
144 €
Orania.Berlin,Berlin,Der Preis beträgt 414 €
414 €
Grimms Hotel Berlin Mitte,Mitte,Der Preis beträgt 193 €
193 €
Gorki Apartments Berlin,Mitte,Der neue Preis beträgt 478 €
478 €
Hotel Riu Plaza Berlin,Berlin,Der Preis beträgt 278 €
278 €
Schlosshotel Berlin by Patrick Hellmann,Charlottenburg-Wilmersdorf,Der Preis beträgt 428 €
428 €
Hotel Zarenhof Friedrichshain,Berlin,Der neue Preis beträgt 160 €
160 €
INNSiDE by Melia Berlin Mitte,Mitte,Der Preis beträgt 192 €
192 €
Die Botschaft,Lichtenberg,Der Preis beträgt 58 €
58 €
Regent Berlin,Mitte,Der Preis beträgt 480 €
480 €
Adina Apartment Hotel Berlin CheckPoint Charlie,Mitte,Der neue Preis beträgt 229 €
229 €
Hotel Buchholz,Pankow,Der Preis beträgt 116 €
116 €
AZIMUT Hotel City South Berlin,Neukölln,Der neue Preis beträgt 117 €
117 €
a&o Berlin Hauptbahnhof,Mitte,Der Preis beträgt 112 €
112 €
Hotel & Apartments Zarenhof Berlin Prenzlauer Berg,Pankow,Der neue Preis beträgt 179 €
179 €
acama Hotel & Hostel Kreuzberg,Berlin,Der Preis beträgt 98 €
98 €
Bed'n'Work Apartment Friedrichshain,Berlin,Der Preis beträgt 119 €
119 €
The Aga's Hotel Berlin,Berlin,Der neue Preis beträgt 51 €
51 €
a&o Berlin Friedrichshain,Berlin,Der neue Preis beträgt 49 €
49 €
Boutique Hotel Fährhaus,Spandau,Der Preis beträgt 150 €
150 €
CHECK IN HOTEL,Berlin,Der Preis beträgt 89 €
89 €
The Belfort Berlin,Pankow,Der Preis beträgt 251 €
251 €
Lux 11 Berlin Mitte,Mitte,Der neue Preis beträgt 393 €
393 €
Ocak Apartment & Hotel Berlin,Mitte,Der neue Preis beträgt 179 €
179 €
Luxoise Apartments Berlin Friedrichshain,Berlin,Der Preis beträgt 126 €
126 €
Holiday Inn Berlin City Center East Prenzlauer Berg,Pankow,Der Preis beträgt 193 €
193 €
Michelberger Hotel Berlin,Berlin,Der Preis beträgt 226 €
226 €
MEININGER Hotel Berlin Tiergarten,Mitte,Der Preis beträgt 205 €
205 €
Holiday-Apartments Frankfurter Allee 98,Berlin,Der Preis beträgt 184 €
184 €
Max Brown Kudamm,Charlottenburg-Wilmersdorf,Der Preis beträgt 278 €
278 €
NH Collection Berlin Mitte am Checkpoint Charlie,Mitte,Der Preis beträgt 375 €
375 €
Henri Hotel - Berlin Kurfürstendamm,Charlottenburg-Wilmersdorf,Der Preis beträgt 315 €
315 €
Come Inn Berlin Kurfürstendamm,Charlottenburg-Wilmersdorf,Der neue Preis beträgt 318 €
318 €
OYO Hotel Bohemia,Neukölln,Der Preis beträgt 119 €
119 €
Pension Prenzlberg,Pankow,Der Preis beträgt 145 €
145 €
Safestay Berlin,Berlin,Der Preis beträgt 208 €
208 €
City Guesthouse Pension Berlin,Pankow,Der Preis beträgt 125 €
125 €
Mercure Hotel Berlin am Alexanderplatz,Mitte,Der Preis beträgt 186 €
186 €
Hapimag Resort Berlin Zoo,Mitte,Der Preis beträgt 258 €
258 €
Hollywood Media Hotel,Charlottenburg-Wilmersdorf,Der Preis beträgt 262 €
262 €
Hotel Metropolitan Berlin,Charlottenburg-Wilmersdorf,Der Preis beträgt 116 €
116 €
Pension Thomas,Berlin,Der neue Preis beträgt 52 €
52 €
NH Berlin Alexanderplatz,Berlin,Der Preis beträgt 383 €
383 €
Enjoy Hotel Berlin City Messe,Charlottenburg-Wilmersdorf,Der Preis beträgt 226 €
226 €
NH Berlin Kurfürstendamm,Charlottenburg-Wilmersdorf,Der Preis beträgt 396 €
396 €
Berlin Marriott Hotel,Mitte,Der Preis beträgt 508 €
508 €
Teikyo Hotel,Berlin,Der Preis beträgt 59 €
59 €
Excellent-Apartments Kreuzberg,Berlin,Der Preis beträgt 95 €
95 €
arabel Design Apartments Berlin,Mitte,Der neue Preis beträgt 277 €
277 €
Amc Apartments Ku Damm,Charlottenburg-Wilmersdorf,Der Preis beträgt 293 €
293 €
Wilde Aparthotels by Staycity Berlin Checkpoint Charlie,Mitte,Der Preis beträgt 226 €
226 €
Aparthotel-Christie,Berlin,Der Preis beträgt 311 €
311 €
Super Berlin Ferienwohnung,Pankow,Der Preis beträgt 275 €
275 €
Design Hostel P182,Berlin,Der Preis beträgt 55 €
55 €
Teikyo Berlin Jugendgästehaus,Berlin,Der Preis beträgt 41 €
41 €
Insor,Berlin,Der Preis beträgt 80 €
80 €
Mikon Eastgate Hotel,Mitte,Der Preis beträgt 341 €
341 €
Hotel De Ela,Berlin,Der Preis beträgt 106 €
106 €
City landmark near Checkpoint Charlie,Berlin,Der neue Preis beträgt 434 €
434 €
Hotel Pension Rheingold,Charlottenburg-Wilmersdorf,Der Preis beträgt 198 €
198 €
M I N I T E L,Neukölln,Der Preis beträgt 351 €
351 €
All In Hostel / Hotel Berlin,Berlin,Der neue Preis beträgt 26 €
26 €
The Circus Hostel,Mitte,Der neue Preis beträgt 46 €
46 €
Ostel - Das DDR Design Hostel Berlin,Berlin,Der Preis beträgt 51 €
51 €
Haus am Wald mit Garten in Tegel Ruhige Lage Seenähe & Rent an Escooter,Berlin,Der Preis beträgt 660 €
660 €
Grand Hostel Berlin Classic,Berlin,Der Preis beträgt 67 €
67 €
one80º Hostel Berlin,Mitte,Der neue Preis beträgt 34 €
34 €
HappyGoLucky Hotel & Hostel Schöneberg,Berlin,Der Preis beträgt 99 €
99 €
Kiez Hostel Berlin,Berlin,Der Preis beträgt 61 €
61 €
Metropol Hostel Berlin,Berlin,Der Preis beträgt 122 €
122 €
Hostelo Berlin Mitte,Mitte,Der Preis beträgt 85 €
85 €
Happy Bed Hostel,Berlin,Der neue Preis beträgt 79 €
79 €
JUGENDHERBERGE BERLIN - AM WANNSEE,Berlin,Der Preis beträgt 49 €
49 €
Ootel.co,Berlin,Der Preis beträgt 37 €
37 €
SO/ Berlin Das Stue,Mitte,Der Preis beträgt 787 €
787 €
Mercure Airport Hotel Berlin Tegel,Berlin,Der Preis beträgt 287 €
287 €
Motel Plus Berlin,Neukölln,Der Preis beträgt 83 €
83 €
Erlanger Hof,Neukölln,Der neue Preis beträgt 112 €
112 €
Good Morning + Berlin City East,Lichtenberg,Der Preis beträgt 93 €
93 €
The Student Hotel Berlin,Mitte,Der Preis beträgt 156 €
156 €
Upstalsboom Hotel Friedrichshain,Berlin,Der neue Preis beträgt 133 €
133 €
The Westin Grand, Berlin,Mitte,Der Preis beträgt 608 €
608 €
The Kater,Berlin,Der Preis beträgt 210 €
210 €
pentahotel Berlin-Köpenick,Berlin,Der Preis beträgt 106 €
106 €
Maritim proArte Hotel Berlin,Mitte,Der neue Preis beträgt 226 €
226 €
MEININGER Hotel Berlin Airport,Berlin,Der Preis beträgt 89 €
89 €
Vienna House Andel's Berlin,Pankow,Der neue Preis beträgt 194 €
194 €
Hotel LINDEMANN'S Berlin,Berlin,Der Preis beträgt 122 €
122 €
MEININGER Hotel Berlin East Side Gallery,Berlin,Der Preis beträgt 128 €
128 €
Bett & Buch Hotel,Berlin,Der neue Preis beträgt 81 €
81 €
The Aga's Hotel Berlin,Berlin,Der neue Preis beträgt 51 €
51 €
Luxoise Apartments Berlin Friedrichshain,Berlin,Der Preis beträgt 110 €
110 €
364.berlin,Berlin,Der Preis beträgt 84 €
84 €
Axel Hotel Berlin - Adults Only,Berlin,Der neue Preis beträgt 200 €
200 €
Seminaris CampusHotel Lifestyle + Design Berlin,Berlin,Der neue Preis beträgt 186 €
186 €
Hotel Am Schloss Koepenick Berlin by Golden Tulip,Berlin,Der Preis beträgt 104 €
104 €
Hotel Mardin Berlin,Dahlwitz-Hoppegarten,Der neue Preis beträgt 45 €
45 €
Hotel Neuer Fritz Berlin,Mitte,Der neue Preis beträgt 222 €
222 €
Grimms Hotel Berlin Mitte,Mitte,Der Preis beträgt 193 €
193 €
COSMO Hotel Berlin Mitte,Mitte,Der Preis beträgt 232 €
232 €
Parkhotel Marzahn,Neueiche,Der Preis beträgt 88 €
88 €
Capri by Fraser Berlin,Mitte,Der Preis beträgt 239 €
239 €
Victor's Residenz-Hotel Berlin Tegel,Berlin,Der Preis beträgt 207 €
207 €
Teikyo Hotel,Berlin,Der Preis beträgt 59 €
59 €
Good Morning Berlin City West,Berlin,Der Preis beträgt 161 €
161 €
INNSiDE by Melia Berlin Mitte,Mitte,Der Preis beträgt 208 €
208 €
Quentin XL Potsdamer Platz Hotel,Mitte,Der Preis beträgt 235 €
235 €
acama Hotel & Hostel Kreuzberg,Berlin,Der Preis beträgt 91 €
91 €
City Hotel Berlin East,Lichtenberg,Der Preis beträgt 171 €
171 €
Holiday Inn Berlin - City East Side,Berlin,Der Preis beträgt 173 €
173 €
Living Hotel Großer Kurfürst,Mitte,Der Preis beträgt 221 €
221 €
Hotel AMO by AMANO,Mitte,Der Preis beträgt 236 €
236 €
Hapimag Resort Berlin Zoo,Mitte,Der Preis beträgt 258 €
258 €
Hotel-Garni An der Weide,Berlin,Der Preis beträgt 65 €
65 €
CHECK IN HOTEL,Berlin,Der Preis beträgt 85 €
85 €
frederics Berlin City Hackescher Markt,Mitte,Der neue Preis beträgt 278 €
278 €
Familienhotel Citylight Berlin,Mitte,Der Preis beträgt 202 €
202 €
a&o Berlin Kolumbus,Lichtenberg,Der Preis beträgt 49 €
49 €
Essential by Dorint Berlin-Adlershof,Berlin,Der neue Preis beträgt 135 €
135 €
The Weinmeister Berlin-Mitte-Adults Only,Mitte,Der neue Preis beträgt 294 €
294 €
Hotel Nikolai Residence,Mitte,Der Preis beträgt 259 €
259 €
Grand Hostel Berlin Urban,Neukölln,Der neue Preis beträgt 81 €
81 €
NH Berlin City Ost,Lichtenberg,Der Preis beträgt 161 €
161 €
Mercure Hotel Berlin Tempelhof,Neukölln,Der Preis beträgt 137 €
137 €
a&o Berlin Hauptbahnhof,Mitte,Der Preis beträgt 112 €
112 €
Best Western Hotel City Ost,Berlin,Der Preis beträgt 167 €
167 €
Albergo City Hotel Berlin,Charlottenburg-Wilmersdorf,Der neue Preis beträgt 175 €
175 €
Grünau Hotel,Berlin,Der neue Preis beträgt 101 €
101 €
ibis Styles Berlin Treptow,Berlin,Der Preis beträgt 113 €
113 €
Hotel Grenzfall Berlin,Mitte,Der Preis beträgt 192 €
192 €
Adele Designhotel,Pankow,Der Preis beträgt 190 €
190 €
Adapt Apartments Berlin,Berlin,Der Preis beträgt 130 €
130 €
Apartment with nice Chesterfield room,Lichtenberg,Der Preis beträgt 113 €
113 €
Berlin Marriott Hotel,Mitte,Der Preis beträgt 478 €
478 €
arabel Design Apartments Berlin,Mitte,Der neue Preis beträgt 277 €
277 €
Holiday Inn Berlin City Center East Prenzlauer Berg,Pankow,Der Preis beträgt 193 €
193 €
Sonnige Große Unterkunft im Herzen von Berlin,Mitte,Der Preis beträgt 314 €
314 €
Hilton Berlin,Mitte,Der Preis beträgt 566 €
566 €
Super Berlin Ferienwohnung,Pankow,Der Preis beträgt 275 €
275 €
Eckstein,Berlin,Der Preis beträgt 131 €
131 €
Michelberger Hotel Berlin,Berlin,Der Preis beträgt 226 €
226 €
Hotel Anna 1908 Berlin,Berlin,Der Preis beträgt 177 €
177 €
Hotel Riehmers Hofgarten,Berlin,Der Preis beträgt 201 €
201 €
Mikon Eastgate Hotel,Mitte,Der Preis beträgt 249 €
249 €
monbijou Hotel Berlin,Mitte,Der neue Preis beträgt 350 €
350 €
Catalonia Berlin Mitte,Mitte,Der Preis beträgt 240 €
240 €
NEWBERLIN,Berlin,Der Preis beträgt 188 €
188 €
Mercure Hotel Berlin am Alexanderplatz,Mitte,Der Preis beträgt 186 €
186 €
Radisson Blu Hotel, Berlin,Mitte,Der neue Preis beträgt 524 €
524 €
Excellent-Apartments Kreuzberg,Berlin,Der Preis beträgt 95 €
95 €
Grand Hyatt Berlin,Mitte,Der Preis beträgt 624 €
624 €
Tom's Hotel - Caters to Gay Men,Berlin,Der Preis beträgt 302 €
302 €
Upper Room Hotel Kurfurstendamm,Charlottenburg-Wilmersdorf,Der neue Preis beträgt 213 €
213 €
OYO Hotel Bohemia,Neukölln,Der Preis beträgt 204 €
204 €
one80º Hostel Berlin,Mitte,Der neue Preis beträgt 34 €
34 €
The Circus Hostel,Mitte,Der neue Preis beträgt 46 €
46 €
Ostel - Das DDR Design Hostel Berlin,Berlin,Der Preis beträgt 51 €
51 €
All In Hostel / Hotel Berlin,Berlin,Der neue Preis beträgt 30 €
30 €
RixHouse - Hostel,Neukölln,Der Preis beträgt 68 €
68 €
Design Hostel P182,Berlin,Der Preis beträgt 125 €
125 €
Amstel House Hostel Berlin,Mitte,Der Preis beträgt 48 €
48 €
Three Little Pigs Hostel Berlin,Berlin,Der Preis beträgt 114 €
114 €
BackpackerBerlin,Berlin,Der Preis beträgt 89 €
89 €
EastSeven Berlin Hostel,Pankow,Der neue Preis beträgt 46 €
46 €
Ballhaus Berlin Hostel,Mitte,Der neue Preis beträgt 47 €
47 €
2A Hostel,Neukölln,Der neue Preis beträgt 58 €
58 €
Old Town Hostel Berlin,Pankow,Der Preis beträgt 48 €
48 €
Berlin Overnight,Pankow,Der Preis beträgt 62 €
62 €
LoftFarm,Mitte,Der Preis beträgt 46 €
46 €
Holi Hostel Hotel,Lichtenberg,Der Preis beträgt 53 €
53 €
Heart of Gold Hostel Berlin,Mitte,Der Preis beträgt 24 €
24 €
JUGENDHERBERGE BERLIN - AM WANNSEE,Berlin,Der Preis beträgt 49 €
49 €
Grand Hostel Berlin Classic,Berlin,Der Preis beträgt 66 €
66 €
HappyGoLucky Hotel & Hostel,Charlottenburg-Wilmersdorf,Der neue Preis beträgt 93 €
93 €
SO/ Berlin Das Stue,Mitte,Der Preis beträgt 787 €
787 €
The Westin Grand, Berlin,Mitte,Der Preis beträgt 608 €
608 €
Good Morning + Berlin City East,Lichtenberg,Der Preis beträgt 93 €
93 €
Hotel Pension Victoria,Lichtenberg,Der Preis beträgt 57 €
57 €
Erlanger Hof,Neukölln,Der neue Preis beträgt 112 €
112 €
Maritim proArte Hotel Berlin,Mitte,Der neue Preis beträgt 226 €
226 €
pentahotel Berlin-Köpenick,Berlin,Der Preis beträgt 106 €
106 €
Mercure Airport Hotel Berlin Tegel,Berlin,Der Preis beträgt 287 €
287 €
The Kater,Berlin,Der Preis beträgt 210 €
210 €
Upstalsboom Hotel Friedrichshain,Berlin,Der neue Preis beträgt 133 €
133 €
Vienna House Andel's Berlin,Pankow,Der neue Preis beträgt 194 €
194 €
MEININGER Hotel Berlin Airport,Berlin,Der Preis beträgt 89 €
89 €
MEININGER Hotel Berlin East Side Gallery,Berlin,Der Preis beträgt 128 €
128 €
Bett & Buch Hotel,Berlin,Der neue Preis beträgt 81 €
81 €
Gästehaus am UKB,Berlin,Der Preis beträgt 100 €
100 €
Die Botschaft,Lichtenberg,Der Preis beträgt 58 €
58 €
Apartments Rosenthal Residence,Mitte,Der neue Preis beträgt 131 €
131 €
Wilde Aparthotels by Staycity Berlin Checkpoint Charlie,Mitte,Der Preis beträgt 226 €
226 €
Luxoise Apartments Berlin Friedrichshain,Berlin,Der Preis beträgt 110 €
110 €
Adina Apartment Hotel Berlin Mitte,Mitte,Der neue Preis beträgt 197 €
197 €
Hotel Helle Mitte Berlin,Berlin,Der neue Preis beträgt 53 €
53 €
The Belfort Berlin,Pankow,Der Preis beträgt 238 €
238 €
DAS SCHMÖCKWITZ,Schmöckwitzwerder,Der neue Preis beträgt 69 €
69 €
Amaya Motel,Neukölln,Der Preis beträgt 54 €
54 €
H24 Berlin Lichtenberg,Lichtenberg,Der neue Preis beträgt 127 €
127 €
Hotel Ambassador-Berlin-Grünau,Berlin,Der neue Preis beträgt 72 €
72 €
Living Hotel Weißensee,Pankow,Der Preis beträgt 132 €
132 €
Courtyard by Marriott Berlin City Center,Mitte,Der Preis beträgt 319 €
319 €
Holiday Inn Berlin City Center East Prenzlauer Berg,Pankow,Der Preis beträgt 193 €
193 €
Teikyo Berlin Jugendgästehaus,Berlin,Der Preis beträgt 41 €
41 €
Holiday Inn Berlin - City East Side,Berlin,Der Preis beträgt 173 €
173 €
Hotel Klassik Berlin,Berlin,Der Preis beträgt 108 €
108 €
Hotel Friedenau Das Literaturhotel,Berlin,Der Preis beträgt 168 €
168 €
Hotel 103,Pankow,Der Preis beträgt 85 €
85 €
Adapt Apartments Berlin,Berlin,Der Preis beträgt 130 €
130 €
AZIMUT Hotel City South Berlin,Neukölln,Der neue Preis beträgt 117 €
117 €
Akademie Hotel Berlin,Pankow,Der Preis beträgt 100 €
100 €
Hotel B1,Berlin,Der Preis beträgt 57 €
57 €
Hotel Pankow,Pankow,Der Preis beträgt 83 €
83 €
ibis Berlin Ostbahnhof,Berlin,Der Preis beträgt 139 €
139 €
Hapimag Resort Berlin Zoo,Mitte,Der Preis beträgt 258 €
258 €
Insor,Berlin,Der Preis beträgt 80 €
80 €
Mercure Hotel Berlin am Alexanderplatz,Mitte,Der Preis beträgt 186 €
186 €
MEININGER Hotel Berlin Tiergarten,Mitte,Der Preis beträgt 210 €
210 €
Hotel Kubrat an der Spree,Berlin,Der Preis beträgt 86 €
86 €
Albergo City Hotel Berlin,Charlottenburg-Wilmersdorf,Der neue Preis beträgt 175 €
175 €
Hotel Alt-Tempelhof,Berlin,Der neue Preis beträgt 153 €
153 €
DämeritzSeehotel,Hessenwinkel,Der Preis beträgt 109 €
109 €
Hotel Riehmers Hofgarten,Berlin,Der Preis beträgt 201 €
201 €
Best Western Hotel am Spittelmarkt Berlin,Mitte,Der Preis beträgt 193 €
193 €
NH Berlin City Ost,Lichtenberg,Der Preis beträgt 161 €
161 €
Almodóvar Hotel Biohotel Berlin,Berlin,Der Preis beträgt 195 €
195 €
Catalonia Berlin Mitte,Mitte,Der Preis beträgt 240 €
240 €
City Guesthouse Pension Berlin,Pankow,Der Preis beträgt 125 €
125 €
Paula Studio Apartment,Pankow,Der Preis beträgt 126 €
126 €
NEWBERLIN,Berlin,Der Preis beträgt 188 €
188 €
ibis Styles Berlin Treptow,Berlin,Der Preis beträgt 113 €
113 €
The Ritz-Carlton, Berlin,Mitte,Der Preis beträgt 499 €
499 €
a&o Berlin Friedrichshain,Berlin,Der neue Preis beträgt 48 €
48 €
TWO Hotel Berlin by Axel - Adults Only,Charlottenburg-Wilmersdorf,Der Preis beträgt 251 €
251 €
