"Field1","Field2","Field3"
"HotelCity Hotel am Gendarmenmarkt","Leipziger Str. 65, Mitte, 10117 Berlin, Germany","€ 107"
"HotelARCO Hotel","Geisbergstrasse 30, Tempelhof-Schöneberg, 10777 Berlin, Germany",
"HotelSchulz Hotel Berlin Wall at the East Side Gallery","Stralauer Platz 36, Friedrichshain-Kreuzberg, 10243 Berlin, Germany",
"HotelGuesthouse21","Martin-Luther-Strasse 21, Tempelhof-Schöneberg, 10777  Berlin, Germany",
"Hotelmk hotel berlin","Osloer Straße 100, Mitte, 13359 Berlin, Germany","€ 91"
"HotelBest Western Hotel am Spittelmarkt","Neue Grünstraße 28, Mitte, 10179 Berlin, Germany","€ 79"
"HotelHyperion Hotel Berlin","Prager Str. 12, Charlottenburg-Wilmersdorf, 10779 Berlin, Germany","€ 131"
"HotelMichelberger Hotel","Warschauer Str. 39-40, Friedrichshain-Kreuzberg, 10243 Berlin, Germany","€ 85"
"HotelAlbrechtshof","Albrechtstr. 8, Mitte, 10117 Berlin, Germany",
"HotelNH Berlin Potsdamer Platz","Stresemannstr. 47, Friedrichshain-Kreuzberg, 10963 Berlin, Germany","€ 100"
"HotelMotel One Berlin-Tiergarten","An der Urania 12/14, Tempelhof-Schöneberg, 10787 Berlin, Germany",
"HotelEnergieHotel Berlin City West","Wielandstrasse 7/8, Charlottenburg-Wilmersdorf, 10625 Berlin, Germany","€ 59"
"HotelNovotel Suites Berlin City Potsdamer Platz","Anhalter Str. 2, Friedrichshain-Kreuzberg, 10963 Berlin, Germany","€ 106"
"Hotelibis budget Berlin Kurfürstendamm","Bayreuther Strasse 41, Tempelhof-Schöneberg, 10787 Berlin, Germany","€ 87"
"Hotelibis Hotel Berlin Airport Tegel","Alt-Reinickendorf 4-5, Reinickendorf, 13407 Berlin, Germany","€ 62"
"HotelCentral-Hotel Tegel","Holzhauser Str. 2, Reinickendorf, 13509 Berlin, Germany",
"HotelGold Hotel","Weserstr. 24, Friedrichshain-Kreuzberg, 10247 Berlin, Germany","€ 110"
"HotelMövenpick Hotel Berlin Am Potsdamer Platz","Schöneberger Str. 3, Friedrichshain-Kreuzberg, 10963 Berlin, Germany",
"HotelMax Brown Hotel Ku'damm","Uhlandstraße 49, Charlottenburg-Wilmersdorf, 10719 Berlin, Germany",
"Hotel25hours Hotel Bikini Berlin","Budapester Str. 40, Charlottenburg-Wilmersdorf, 10787 Berlin, Germany","€ 178"
"HotelApart Hotel Ferdinand Berlin","Ferdinand-Schultze-Str. 92, Lichtenberg, 13055 Berlin, Germany","€ 65"
"HotelGrand Hyatt Berlin","Marlene-Dietrich-Platz 2, Mitte, 10785 Berlin, Germany","€ 169"
"HotelPotsdamer Inn","Potsdamerstr.145, Tempelhof-Schöneberg, 10783 Berlin, Germany","€ 68"
"HotelH10 Berlin Ku'damm","Joachimsthaler Str. 31-32, Charlottenburg-Wilmersdorf, 10719 Berlin, Germany","€ 95"
"HotelVictor's Residenz-Hotel Berlin","Am Friedrichshain 17, Prenzlauer Berg, 10407 Berlin, Germany",
"HotelHotel 38","Oranienburger Str. 38, Mitte, 10117 Berlin, Germany","€ 99"
"HotelHotel Transit Loft","Immanuelkirchstr. 14 A, Prenzlauer Berg, 10405 Berlin, Germany","€ 69"
"HotelKu'Damm 101 Hotel","Kurfürstendamm 101, Charlottenburg-Wilmersdorf, 10711 Berlin, Germany","€ 89"
"HotelNew Berlin","Petersburger Str. 24, Friedrichshain-Kreuzberg, 10249 Berlin, Germany","€ 99"
"HotelHotel Goldmarie","Warschauerstr. 58, Friedrichshain-Kreuzberg, 10243 Berlin, Germany","€ 85"
"HotelHotel Klassik Berlin","Revaler Straße 6, Friedrichshain-Kreuzberg, 10245 Berlin, Germany","€ 99"
"HotelMetropolitan Hotel Berlin","Schaperstraße 36, Charlottenburg-Wilmersdorf, 10719 Berlin, Germany","€ 80"
"Hotelaletto Hotel Kudamm","Hardenbergstr. 21, Charlottenburg-Wilmersdorf, 10623 Berlin, Germany",
"HotelNH Berlin Alexanderplatz","Landsberger Allee 26, Friedrichshain-Kreuzberg, 10249 Berlin, Germany","€ 106"
"HotelPullman Berlin Schweizerhof","Budapester Str. 25, Mitte, 10787 Berlin, Germany","€ 110"
"HotelHotel Ludwig van Beethoven","Hasenheide 14, Friedrichshain-Kreuzberg, 10967 Berlin, Germany","€ 93"
"HotelCentro Hotel Kurfürstendamm","Kleiststr. 9-12, Tempelhof-Schöneberg, 10787 Berlin, Germany","€ 70"
"HotelNovum Hotel Kronprinz Berlin","Kronprinzendamm 1, Charlottenburg-Wilmersdorf, 10711 Berlin, Germany","€ 73"
"HotelLindner Hotel AM KU'DAMM Berlin","Kurfürstendamm 24, Charlottenburg-Wilmersdorf, 10719 Berlin, Germany","€ 102"
"HotelLINDEMANN'S","Potsdamer Straße 171-173, Tempelhof-Schöneberg, 10783 Berlin, Germany",
"HotelBest Western Hotel City Ost","Frankfurter Allee 57-59, Friedrichshain-Kreuzberg, 10247 Berlin, Germany","€ 75"
"HotelHotel Berlin, Berlin","Lützowplatz 17, Mitte, 10785 Berlin, Germany","€ 98"
"HotelQuentin XL Potsdamer Platz","Potsdamer Straße 76 , Mitte, 10785 Berlin, Germany",
"HotelMercure Berlin Wittenbergplatz","Wittenbergplatz 3, Tempelhof-Schöneberg, 10789 Berlin, Germany","€ 90"
"HotelBerlin Mark Hotel","Meinekestr. 18-19, Charlottenburg-Wilmersdorf, 10719 Berlin, Germany","€ 65"
"HotelRegent - Berlin","Charlottenstrasse 49, Mitte, 10117 Berlin, Germany","€ 201"
"Hotelrelexa hotel Stuttgarter Hof","Anhalter Str. 8-9, Friedrichshain-Kreuzberg, 10963 Berlin, Germany",
"HotelB&B Hotel Berlin-Charlottenburg","117 Kaiserdamm, Charlottenburg-Wilmersdorf, 14057 Berlin, Germany","€ 69"
"HotelINNSiDE by Meliá Berlin Mitte","Chausseestr. 33, Mitte, 10115 Berlin, Germany","€ 109"
"HotelSteigenberger Hotel Berlin","Los-Angeles-Platz 1, Charlottenburg-Wilmersdorf, 10789 Berlin, Germany","€ 124"
"HotelRadisson Blu Hotel, Berlin","Karl-Liebknecht-Str. 3, Mitte, 10178 Berlin, Germany",
"HotelHotel Adlon Kempinski Berlin","Unter den Linden 77, Mitte, 10117 Berlin, Germany","€ 243"
"HotelMercure Hotel Berlin Mitte","Luckenwalder Str. 11, Friedrichshain-Kreuzberg, 10963 Berlin, Germany",
"HotelIntercityHotel Berlin Hauptbahnhof","Katharina-Paulus-Str. 5, Mitte, 10557 Berlin, Germany","€ 115"
"HotelHotel Bristol Berlin","Kurfürstendamm 27, Charlottenburg-Wilmersdorf, 10719 Berlin, Germany","€ 131"
"HotelSteigenberger Hotel am Kanzleramt","Ella-Trebe-Straße 5, Mitte, 10557 Berlin, Germany","€ 142"
"HotelMotel One Berlin-Alexanderplatz","11 Grunerstraße, Mitte, 10179 Berlin, Germany","€ 99"
"HotelHotel Riu Plaza Berlin","Martin-Luther-Strasse 1, Tempelhof-Schöneberg, 10777 Berlin, Germany","€ 89"
"HotelPark Inn by Radisson Berlin Alexanderplatz","Alexanderplatz 7, Mitte, 10178 Berlin, Germany","€ 93"
"HotelLeonardo Royal Hotel Berlin Alexanderplatz","Otto-Braun-Str. 90, Friedrichshain-Kreuzberg, 10249 Berlin, Germany","€ 89"
"HotelHotel Oderberger","Oderberger Straße 57, Prenzlauer Berg, 10439 Berlin, Germany",
"HotelMeliá Berlin","Friedrichstr. 103, Mitte, 10117 Berlin, Germany","€ 148"
"HotelB&B Hotel Berlin Alexanderplatz","Voltairestraße 3, Mitte, 10179 Berlin, Germany",
"HotelH+ Hotel Berlin Mitte","Chausseestr. 118-120, Mitte, 10115 Berlin, Germany","€ 120"
"HotelH4 Hotel Berlin Alexanderplatz","Karl-Liebknecht-Strasse 32, Mitte, 10178 Berlin, Germany","€ 98"
"HotelMaritim Hotel Berlin","Stauffenbergstr. 26, Mitte, 10785 Berlin, Germany","€ 128"
"HotelScandic Berlin Kurfürstendamm","Augsburgerstrasse 5, Charlottenburg-Wilmersdorf, 10789 Berlin, Germany",
"HotelHotel Rossi","Lehrter Strasse 66, Mitte, 10557 Berlin, Germany",
"HotelMotel One Berlin-Upper West","Kantstraße 163-165, Charlottenburg-Wilmersdorf, 10623 Berlin, Germany","€ 99"
"HotelH+ Hotel 4Youth","Bernauer Str. 45/46, Mitte, 10435 Berlin, Germany","€ 90"
"ApartmentSan Benito de Palermo","Bajada Numero Pez Pullen Barrio Costa del Sol, 8400 San Carlos de Bariloche, Argentina",
"HotelHotel Augustinenhof","Auguststraße 82, Mitte, 10117 Berlin, Germany",
"HotelSO/ Berlin Das Stue","Drakestrasse 1, Mitte, 10787 Berlin, Germany","€ 217"
"HotelMaritim proArte Hotel Berlin","Friedrichstraße 151, Mitte, 10117 Berlin, Germany","€ 163"
"HotelFlottwell Berlin Hotel & Residenz am Park","Flottwellstraße 18, Mitte, 10785  Berlin, Germany",
"HotelPLUS Berlin Hostel und Hotel","Warschauer Platz 6, Friedrichshain-Kreuzberg, 10245 Berlin, Germany","€ 63"
"HotelARCOTEL Velvet Berlin","Oranienburger Str. 52, Mitte, 10117 Berlin, Germany","€ 90"
"HotelHilton Berlin","Mohrenstr. 30, Mitte, 10117 Berlin, Germany","€ 185"
"HotelMercure Hotel MOA Berlin","Stephanstr. 41, Mitte, 10559 Berlin, Germany","€ 108"
"HotelEurostars Berlin","Friedrichstr. 99, Mitte, 10117 Berlin, Germany","€ 148"
"HotelMEININGER Hotel Berlin Hauptbahnhof","Ella-Trebe-Straße 9, Mitte, 10557 Berlin, Germany","€ 119"
"AparthotelAparthotel Christie","Kleiststrasse 1, Tempelhof-Schöneberg, 10787 Berlin, Germany",
"HotelSavoy Berlin","Fasanenstr. 9-10, Charlottenburg-Wilmersdorf, 10623 Berlin, Germany","€ 96"
"HotelMercure Airport Hotel Berlin Tegel","Kurt Schumacher Damm 202, Reinickendorf, 13405 Berlin, Germany","€ 137"
"Hotelnhow Berlin","Stralauer Allee 3, Friedrichshain-Kreuzberg, 10245 Berlin, Germany","€ 113"
"HotelMEININGER Hotel Berlin East Side Gallery","Am Postbahnhof 4, Friedrichshain-Kreuzberg, 10243 Berlin, Germany","€ 74"
"HotelTitanic Chaussee Berlin","Chausseestraße 30, Mitte, 10115 Berlin, Germany","€ 143"
"HotelTWO Hotel Berlin by Axel - Adults Only","Bundesallee 31a, Charlottenburg-Wilmersdorf, 10717 Berlin, Germany","€ 70"
"HotelHotel am Schloß Köpenick by Golden Tulip","Grünauer Str. 17-21, Treptow-Köpenick, 12557 Berlin, Germany",
"HotelARCOTEL John F Berlin","Werderscher Markt 11, Mitte, 10117 Berlin, Germany","€ 123"
"HotelSheraton Berlin Grand Hotel Esplanade","Lützowufer 15, Mitte, 10785 Berlin, Germany","€ 155"
"HotelHampton by Hilton Berlin City West","Uhlandstraße 188-189, Charlottenburg-Wilmersdorf, 10623 Berlin, Germany","€ 108"
"Hotelibis Berlin Kurfuerstendamm","Bayreuther Strasse 39, Tempelhof-Schöneberg, 10787 Berlin, Germany","€ 78"
"HotelSofitel Berlin Kurfürstendamm","Augsburger Str. 41, Charlottenburg-Wilmersdorf, 10789 Berlin, Germany","€ 170"
"HotelMOXY Berlin Humboldthain Park","Hochstrasse 2, Mitte, 13357 Berlin, Germany","€ 78"
"HotelHotel Vivaldi Berlin am Kurfürstendamm","Knesebeckstr. 29, Charlottenburg-Wilmersdorf, 10623 Berlin, Germany",
"HotelLeonardo Hotel Berlin","Wilmersdorfer Str. 32 (Entrance at Spielhagen Str.), Charlottenburg-Wilmersdorf, 10585 Berlin, Germany","€ 67"
"HotelHoliday Inn Express Berlin City Centre","Stresemannstr. 49, Friedrichshain-Kreuzberg, 10963 Berlin, Germany","€ 113"
"HotelSir Savigny Hotel","Kantstr. 144, Charlottenburg-Wilmersdorf, 10623 Berlin, Germany","€ 156"
"HotelSANA Berlin Hotel","Nürnberger Straße 33/34, Charlottenburg-Wilmersdorf, 10777 Berlin, Germany","€ 95"
"HotelLiving Hotel Großer Kurfürst","Neue Rossstr. 11-12, Mitte, 10179 Berlin, Germany","€ 95"
"HotelWaldorf Astoria Berlin","Hardenbergstr. 28, Charlottenburg-Wilmersdorf, 10623 Berlin, Germany","€ 224"
"HotelHotel Rehberge Berlin Mitte","Ofenerstr. 15, Mitte, 13349 Berlin, Germany",
"HotelHotel Allegra","Albrechtstr. 17, Mitte, 10117 Berlin, Germany",
"HotelMercure Hotel Berlin Tempelhof","Hermannstr. 214-216, Neukölln, 12049 Berlin, Germany","€ 80"
"HotelHotel Gat Point Charlie","Mauerstr. 81-82, Mitte, 10117 Berlin, Germany","€ 85"
"HotelMotel One Berlin-Bellevue","Paulstraße 21, Mitte, 10557 Berlin, Germany","€ 88"
"HotelNH Collection Berlin Mitte Friedrichstrasse","Friedrichstr. 96, Mitte, 10117 Berlin, Germany","€ 174"
"HotelSeminaris CampusHotel Berlin","Takustraße 39, Steglitz-Zehlendorf, 14195 Berlin, Germany",
"HotelThe Ritz-Carlton, Berlin","Potsdamer Platz 3, Mitte, 10785  Berlin, Germany","€ 228"
"HotelRocco Forte Hotel De Rome","Behrenstraße 37, Mitte, 10117 Berlin, Germany","€ 326"
"HotelMoxy Berlin Ostbahnhof","Andreasstrasse 76-78, Friedrichshain-Kreuzberg, 10243 Berlin, Germany","€ 87"
"Hotelibis Berlin Messe","Messedamm 10, Charlottenburg-Wilmersdorf, 14057 Berlin, Germany","€ 72"
"Hotelibis Styles Hotel Berlin Mitte","Brunnenstr. 1-2, Mitte, 10119 Berlin, Germany","€ 79"
"HotelHoliday Inn Berlin City East Side","Wanda-Kallenbach-Strasse, Friedrichshain-Kreuzberg, 10243 Berlin, Germany","€ 109"
"HotelBlnCty Hotel","Gertrud-Kolmar-Straße 5, Mitte, 10117 Berlin, Germany",
"HotelEssential by Dorint Berlin-Adlershof","Rudower Chaussee 15, Treptow-Köpenick, 12489 Berlin, Germany","€ 127"
"Hotelibis Berlin Neukölln","Jahnstr. 13, Neukölln, 12347 Berlin, Germany","€ 67"
"HotelHotel am Steinplatz, Autograph Collection","Steinplatz 4, Charlottenburg-Wilmersdorf, 10623 Berlin, Germany","€ 194"
"HotelInterContinental Berlin","Budapester Str. 2, Mitte, 10787 Berlin, Germany","€ 139"
"HotelB&B Hotel Berlin Potsdamer Platz","Potsdamer Str. 90, Mitte, 10785 Berlin, Germany","€ 69"
"HotelSelect Hotel Berlin Ostbahnhof","Lange Str. 31, Friedrichshain-Kreuzberg, 10243 Berlin, Germany","€ 84"
"HotelHotel Garni Kleist am Kurfürstendamm","Darmstädter Str. 7, Charlottenburg-Wilmersdorf, 10707 Berlin, Germany",
"HotelGood Morning Berlin City West","Kögelstr. 12-13, Reinickendorf, 13403 Berlin, Germany","€ 66"
"HotelHotel California Kurfürstendamm 35","Kurfürstendamm 35, Charlottenburg-Wilmersdorf, 10719 Berlin, Germany","€ 76"
"HotelHotel Bleibtreu Berlin by Golden Tulip","Bleibtreustr. 31, Charlottenburg-Wilmersdorf, 10707 Berlin, Germany","€ 65"
"Hotelibis Styles Berlin an der Oper","Bismarckstr. 100, Charlottenburg-Wilmersdorf, 10625 Berlin, Germany","€ 77"
"HotelHotel Domicil Berlin by Golden Tulip","Kantstraße 111a, Charlottenburg-Wilmersdorf, 10627 Berlin, Germany","€ 77"
"HotelHotel Morgenland","Finckensteinallee 23-27, Steglitz-Zehlendorf, 12205 Berlin, Germany","€ 77"
"AparthotelSTAYERY Berlin Friedrichshain","Holteistraße 20, Friedrichshain-Kreuzberg, 10245 Berlin, Germany",
"HotelSelect Hotel Berlin The Wall","Zimmerstr. 88, Mitte, 10117 Berlin, Germany","€ 124"
"HotelAbba Berlin Hotel","Lietzenburger Str. 89, Charlottenburg-Wilmersdorf, 10719 Berlin, Germany","€ 80"
"HotelNu Hotel Berlin","Gubener Straße 46/47, Friedrichshain-Kreuzberg, 10243 Berlin, Germany","€ 84"
"HotelHotel Indigo Berlin - East Side Gallery","Muhlenstrasse 13-19, Friedrichshain-Kreuzberg, 10243 Berlin, Germany","€ 113"
"HotelHotel Villa Konstanz","Konstanzer Str. 30, Charlottenburg-Wilmersdorf, 10709 Berlin, Germany",
"HotelMotel One Berlin Ku'Damm","Kantstr. 7-11a, Charlottenburg-Wilmersdorf, 10623 Berlin, Germany","€ 99"
"HotelProvocateur Berlin","Brandenburgische Str. 21, Charlottenburg-Wilmersdorf, 10707 Berlin, Germany","€ 94"
"HotelKPM Hotel & Residences","Englische Str. 6, Charlottenburg-Wilmersdorf, 10587 Berlin, Germany","€ 134"
"HotelHoliday Inn Berlin City Center East Prenzlauer Berg","Prenzlauer Allee 169, Prenzlauer Berg, 10409 Berlin, Germany","€ 87"
"HotelOYO Hotel Bohemia","Karl-Marx-Str. 262, Neukölln, 12057 Berlin, Germany","€ 73"
"Hotelibis Berlin City West","Brandenburgische Str. 11, Charlottenburg-Wilmersdorf, 10713 Berlin, Germany","€ 67"
"HotelHotel Vita Berlin-Messe","12-14 Heerstraße 4. OG, Charlottenburg-Wilmersdorf, 14052 Berlin, Germany","€ 116"
"Hotelibis Berlin City Potsdamer Platz","Anhalter Str. 4, Friedrichshain-Kreuzberg, 10963 Berlin, Germany","€ 76"
"Hotelabout:berlin Hotel","Tauentzienstr. 8, Charlottenburg-Wilmersdorf, 10789 Berlin, Germany",
"HotelNH Berlin Kurfürstendamm","Grolmanstr. 41-43, Charlottenburg-Wilmersdorf, 10623 Berlin, Germany","€ 90"
"HotelBest Western Hotel Berlin Mitte","Albrechtstr. 25/Ecke Reinhardtstr., Mitte, 10117 Berlin, Germany","€ 75"
"HotelHotel am Borsigturm","Am Borsigturm 1, Reinickendorf, 13507 Berlin, Germany","€ 125"
"HotelHotel Palace Berlin","Budapester Str. 45, Charlottenburg-Wilmersdorf, 10787 Berlin, Germany","€ 149"
"HotelThe Student Hotel Berlin","Alexanderstraße 40, Mitte, 10179 Berlin, Germany","€ 78"
"HotelBest Western Hotel Kantstrasse Berlin","Kantstr. 111, Charlottenburg-Wilmersdorf, 10627 Berlin, Germany","€ 77"
"HotelCapri by Fraser Berlin","SCHARRENSTRASSE 22, Mitte, 10178 Berlin, Germany","€ 113"
"HotelHotel Comenius","Grünberger Str. 22, Friedrichshain-Kreuzberg, 10243 Berlin, Germany","€ 79"
"HotelExe Klee Berlin Excellence Class","Bundesallee 75, Tempelhof-Schöneberg, 12161 Berlin, Germany","€ 86"
"HotelBest Western Plus Plaza Berlin Kurfürstendamm","Kurfürstendamm 203, Charlottenburg-Wilmersdorf, 10719 Berlin, Germany","€ 79"
"Hotelthe niu Hide","Frankfurter Allee 113, Lichtenberg, 10365 Berlin, Germany","€ 92"
"HotelNH Berlin City Ost","Rathausstr. 2-3, Lichtenberg, 10367 Berlin, Germany","€ 85"
"HotelAZIMUT Hotel Kurfuerstendamm Berlin","Joachimsthaler Straße 39/40, Charlottenburg-Wilmersdorf, 10623 Berlin, Germany",
"HotelNovum Hotel Aldea Berlin Centrum","Bülowstr. 20-22, Tempelhof-Schöneberg, 10783 Berlin, Germany","€ 72"
"HotelHotel Zoo Berlin","Kurfürstendamm 25, Charlottenburg-Wilmersdorf, 10719 Berlin, Germany","€ 170"
"Hotelart'otel berlin mitte","Wallstr. 70-73, Mitte, 10179 Berlin, Germany","€ 92"
"HotelAMBER ECONTEL Berlin Charlottenburg","Sömmeringstraße 24-26, Charlottenburg-Wilmersdorf, 10589 Berlin, Germany","€ 74"
"HotelVictor's Residenz-Hotel Berlin Tegel","Holländerstr. 31, Reinickendorf, 13407 Berlin, Germany","€ 103"
"HotelLeonardo Hotel Berlin City West","Güntzelstr. 14, Charlottenburg-Wilmersdorf, 10717 Berlin, Germany","€ 80"
"HotelABACUS Tierpark Hotel","Franz-Mett-Str. 3-9, Lichtenberg, 10319 Berlin, Germany","€ 92"
"HotelUpstalsboom Hotel Friedrichshain","Gubener Str. 42, Friedrichshain-Kreuzberg, 10243 Berlin, Germany",
"HotelSelect Hotel Berlin Gendarmenmarkt","Charlottenstr. 66, Mitte, 10117 Berlin, Germany","€ 120"
"HotelCatalonia Berlin Mitte","Köpenicker Strasse, 80-82, Mitte, 10179 Berlin, Germany","€ 99"
"HotelHotel AMANO","Auguststr. 43/Ecke Rosenthaler Str., Mitte, 10119 Berlin, Germany","€ 99"
"HotelSelect Hotel Berlin Checkpoint Charlie","Hedemannstr. 11-12, Friedrichshain-Kreuzberg, 10969 Berlin, Germany","€ 120"
"HotelHampton By Hilton Berlin City East Side Gallery","Mildred-Harnack-Straße 15, Friedrichshain-Kreuzberg, 10243 Berlin, Germany","€ 88"
"HotelNovum Style Hotel Berlin Centrum","Franklinstr. 23, Charlottenburg-Wilmersdorf, 10587 Berlin, Germany","€ 85"
"HotelNovum Hotel Gates Berlin Charlottenburg","Knesebeckstr. 8-9, Charlottenburg-Wilmersdorf, 10623 Berlin, Germany","€ 144"
"HotelAlmodovar Hotel Berlin - Biohotel","Boxhagener Str. 83, Friedrichshain-Kreuzberg, 10245 Berlin, Germany","€ 131"
"HotelMercure Hotel Berlin City West","Ohmstr. 4-6, Spandau, 13629 Berlin, Germany","€ 113"
"HotelQuentin Berlin Hotel am Kurfürstendamm","Xantener Str. 4, Charlottenburg-Wilmersdorf, 10707 Berlin, Germany",
"HotelThe Mandala Hotel","Potsdamer Str. 3, Mitte, 10785 Berlin, Germany","€ 162"
"HotelHotel 103","Schönhauser Allee 103, Prenzlauer Berg, 10439 Berlin, Germany","€ 77"
"HotelEllington Hotel Berlin","Nürnberger Str. 50-55, Charlottenburg-Wilmersdorf, 10789 Berlin, Germany","€ 99"
"HotelCrowne Plaza Berlin - Potsdamer Platz","Hallesche Str. 10-14, Friedrichshain-Kreuzberg, 10963 Berlin, Germany","€ 131"
"HotelMercure Berlin Alexanderplatz","Mollstr. 4, Mitte, 10178 Berlin, Germany","€ 77"
"HotelCentro Park Hotel Berlin-Neukölln","Buschkrugallee 60-62, Neukölln, 12359 Berlin, Germany","€ 62"
"HotelCentro Hotel Berlin City West","Emser Str. 6, Charlottenburg-Wilmersdorf, 10719 Berlin, Germany","€ 79"
"HotelLeonardo Boutique Hotel Berlin City South","Rudower Straße 80-82, Neukölln, 12351 Berlin, Germany","€ 62"
"HotelHotel Jurine Berlin Mitte","Schwedter Str. 15, Mitte, 10119 Berlin, Germany","€ 104"
"HotelRinghotel Seehof","Lietzenseeufer 11, Charlottenburg-Wilmersdorf, 14057 Berlin, Germany",
"HotelHotel Indigo Berlin – Ku’damm","Hardenbergstr. 15, Charlottenburg-Wilmersdorf, 10623 Berlin, Germany","€ 100"
"HotelNovum Hotel City B Berlin Centrum","Potsdamer Str. 129, Tempelhof-Schöneberg, 10783 Berlin, Germany","€ 78"
"HotelHotel Berliner Bär","Ringbahnstr. 6-8, Tempelhof-Schöneberg, 12099  Berlin, Germany","€ 89"
"HotelIvbergs Hotel Berlin Messe","Heerstr. 5, Charlottenburg-Wilmersdorf, 14052 Berlin, Germany","€ 77"
"HotelHotel 26","Grünberger Straße 26, Friedrichshain-Kreuzberg, 10245 Berlin, Germany","€ 84"
"HotelPestana Berlin Tiergarten","Stülerstraße 6, Mitte, 10787 Berlin, Germany","€ 92"
"HotelStadthotel Schall & Rauch","Gleimstraße 23, Prenzlauer Berg, 10437 Berlin, Germany",
"HotelHotel Alt - Tegel","Treskowstraße 3 - 4, Reinickendorf, 13507 Berlin, Germany",
"HotelHotel Mit-Mensch","Ehrlichstrasse 47-48, Lichtenberg, 10318 Berlin, Germany","€ 52"
"HotelConcorde Hotel am Studio","Kaiserdamm 80, Charlottenburg-Wilmersdorf, 14057 Berlin, Germany","€ 80"
"HotelHotel Alt Tempelhof","Luise-Henriette-Str. 4, Tempelhof-Schöneberg, 12103 Berlin, Germany","€ 97"
"HotelOld Town Hotel","Greifswalder Straße 211, Prenzlauer Berg, 10405 Berlin, Germany","€ 92"
"HotelHotel Panorama am KURFÜRSTENDAMM","Lewishamstraße 1, Charlottenburg-Wilmersdorf, 10629 Berlin, Germany","€ 73"
"HotelWyndham Garden Berlin Mitte","Osloer Straße 116a, Mitte, 13359 Berlin, Germany",
"HotelDORMERO Hotel Berlin Ku'damm","Eislebener Str. 14, Charlottenburg-Wilmersdorf, 10789 Berlin, Germany",
"HotelHotel Arena Inn - Berlin Mitte","Müllerstraße 163, Mitte, 13353 Berlin, Germany","€ 85"
"HotelHollywood Media Hotel am Kurfürstendamm","Kurfürstendamm 202, Charlottenburg-Wilmersdorf, 10719 Berlin, Germany",
"HotelAlecsa Hotel am Olympiastadion","Glockenturmstr. 30, Charlottenburg-Wilmersdorf, 14055 Berlin, Germany","€ 67"
"HotelErlanger Hof","Erlanger Straße 4, Neukölln, 12053 Berlin, Germany","€ 85"
"HotelHotel Lindenufer","Breite Str. 36, Spandau, 13597 Berlin, Germany","€ 75"
"HotelQuentin Design Hotel Berlin","Kalckreuthstr. 12, Tempelhof-Schöneberg, 10777 Berlin, Germany",
"HotelQueens Park Hotel","Königin-Elisabeth-Str. 47a, Charlottenburg-Wilmersdorf, 14059 Berlin, Germany","€ 79"
"HotelLulu Guldsmeden","Potsdamer Straße 67, Mitte, 10785 Berlin, Germany","€ 139"
"HotelHotel Lützow","Keithstraße 38, Mitte, 10787 Berlin, Germany","€ 72"
"HotelMEININGER Hotel Berlin Alexanderplatz","Schönhauser Allee 19, Prenzlauer Berg, 10435 Berlin, Germany","€ 79"
"HotelHotel City Green Berlin","Bruno-Taut-Straße 6, Treptow-Köpenick, 12524 Berlin, Germany","€ 68"
"HotelHotel Columbia","Dudenstraße 4, Friedrichshain-Kreuzberg, 10965 Berlin, Germany",
"HotelHoliday Inn Berlin City-East Landsberger Allee","Landsberger Allee 203, Lichtenberg, 13055 Berlin, Germany","€ 83"
"HotelHotel AMO by AMANO","Friedrichstraße 113, Mitte, 10117 Berlin, Germany","€ 104"
"HotelBoutique Hotel i31 Berlin Mitte","Invalidenstraße 31, Mitte, 10115 Berlin, Germany","€ 108"
"HotelDie Botschaft","Treskowallee 92, Lichtenberg, 10318 Berlin, Germany","€ 66"
"HotelHotel Pankow","Pasewalkerstr. 14-15, Pankow, 13127 Berlin, Germany","€ 62"
"HotelHotel Prens Berlin","Kottbusser Damm 102, Friedrichshain-Kreuzberg, 10967 Berlin, Germany","€ 65"
"HotelAxel Hotel Berlin-Adults Only","Lietzenburger Str. 13/15, Tempelhof-Schöneberg, 10789 Berlin, Germany","€ 79"
"Hotela&o Berlin Kolumbus","Genslerstraße 18, Lichtenberg, 13055 Berlin, Germany","€ 66"
"HotelNovum Hotel Lichtburg am Kurfürstendamm","Paderborner Str. 10, Charlottenburg-Wilmersdorf, 10709 Berlin, Germany","€ 54"
"HotelHotel Seifert Berlin am Kurfürstendamm","Uhlandstr. 162, Charlottenburg-Wilmersdorf, 10719 Berlin, Germany",
"HotelHotel Indigo Berlin-Alexanderplatz","Bernhard-Weiss-Str. 5, Mitte, 10178 Berlin, Germany","€ 100"
"HotelHotel Sachsenhof","Motzstr. 7, Tempelhof-Schöneberg, 10777 Berlin, Germany","€ 89"
"HotelHotel Ambiente Berlin City","Gossowstraße 11, Tempelhof-Schöneberg, 10777 Berlin, Germany","€ 75"
"HotelHotel Transit","Hagelberger Str. 53-54, Friedrichshain-Kreuzberg, 10965 Berlin, Germany","€ 69"
"HotelLes Nations","Zinzendorfstr. 6, Mitte, 10555 Berlin, Germany","€ 103"
"HotelHotel am Buschkrugpark","Buschkrugallee 107, Neukölln, 12359 Berlin, Germany","€ 99"
"HotelHotel Johann","Johanniterstr. 8, Friedrichshain-Kreuzberg, 10961 Berlin, Germany","€ 113"
"HotelCity Hotel Berlin East","Landsberger Allee 203, Lichtenberg, 13055  Berlin, Germany","€ 73"
"HotelHotel-Pension Gribnitz","Kaiserdamm 82, Charlottenburg-Wilmersdorf, 14057 Berlin, Germany","€ 65"
"HotelHotel Atrium Charlottenburg","Kaiser-Friedrich-Str. 53, Charlottenburg-Wilmersdorf, 10627 Berlin, Germany","€ 65"
"HotelHotel Messe am Funkturm","Wundtstr. 72, Charlottenburg-Wilmersdorf, 14057 Berlin, Germany","€ 53"
"HotelHotel & Apartments Zarenhof Berlin Friedrichshain","Boxhagener Str. 17, Friedrichshain-Kreuzberg, 10245 Berlin, Germany",
"AparthotelVienna Townhouse Berlin","Goethestr. 87, Charlottenburg-Wilmersdorf, 10623 Berlin, Germany","€ 98"
"HotelAZIMUT Hotel City South Berlin","Rudower Straße 90 - 94, Neukölln, 12351 Berlin, Germany",
"HotelHotel Am Stuttgarter Eck","Kaiser-Friedrich-Str. 54a, Charlottenburg-Wilmersdorf, 10627 Berlin, Germany","€ 58"
"HotelHotel Atlas","Bernhard Str. 9, Charlottenburg-Wilmersdorf, 10715 Berlin, Germany","€ 65"
"HotelHotel Kaiser","Kaiserdamm 6, Charlottenburg-Wilmersdorf, 14057 Berlin, Germany",
"HotelApple City Hotel","Wilhelmshavener Str. 71, Mitte, 10551 Berlin, Germany","€ 75"
"HotelHotel Sedes","Prenzlauer Promenade 48, Pankow, 13089 Berlin, Germany",
"HotelHotel Kiez Pension Berlin","Jungstr. 41, Friedrichshain-Kreuzberg, 10247 Berlin, Germany","€ 63"
"Hotelacama Hotel & Hostel Kreuzberg","Tempelhofer Ufer 8/9, Friedrichshain-Kreuzberg, 10963 Berlin, Germany","€ 70"
"HotelHotel de France - Centre Français de Berlin","Müllerstr. 74, Mitte, 13349 Berlin, Germany",
"HotelHotel Pension Messe","Neue Kantstr. 5, Charlottenburg-Wilmersdorf, 14057 Berlin, Germany","€ 53"
"HotelAngleterre Hotel","Friedrichstr. 31, Friedrichshain-Kreuzberg, 10969 Berlin, Germany","€ 163"
"HotelArktur City Hotel","Otto-Suhr-Allee 74, Charlottenburg-Wilmersdorf, 10585 Berlin, Germany",
"HotelHotel ZOE by AMANO Group","Große Präsidentenstraße 6-7, Mitte, 10178 Berlin, Germany","€ 80"
"HotelAdele Designhotel","Greifswalder Straße 227, Prenzlauer Berg, 10405 Berlin, Germany","€ 86"
"HotelHotel Benn","Ritterstr. 1a+15, Spandau, 13597 Berlin, Germany","€ 114"
"HotelHotel the YARD","Alexandrinenstraße 125, Friedrichshain-Kreuzberg, 10969 Berlin, Germany","€ 107"
"HotelHotel-Pension Rheingold am Kurfürstendamm","Xantener Str. 9, Charlottenburg-Wilmersdorf, 10707 Berlin, Germany","€ 59"
"HotelHotel Hansablick","Flotowstr. 6, Mitte, 10555 Berlin, Germany","€ 89"
"Hotelcentrovital SPA & Sports Hotel","Neuendorfer Str. 25, Spandau, 13585 Berlin, Germany","€ 141"
"HotelAMADEUS am Kurfürstendamm","Sybelstr.14, Charlottenburg-Wilmersdorf, 10629 Berlin, Germany","€ 58"
"HotelHotel Mondial am Kurfürstendamm","Kurfürstendamm 47, Charlottenburg-Wilmersdorf, 10707 Berlin, Germany",
"HotelALFA Hotel","Ufnaustraße 1, Mitte, 10553 Berlin, Germany","€ 92"
"HotelCity Pension Berlin","Stuttgarter Platz 9, Charlottenburg-Wilmersdorf, 10627 Berlin, Germany",
"HotelCome Inn Berlin Kurfürstendamm","Kurfürstendamm 180, Charlottenburg-Wilmersdorf, 10707 Berlin, Germany","€ 91"
"HotelKurfürst am Kurfürstendamm","Bleibtreustr. 34/35, Charlottenburg-Wilmersdorf, 10707 Berlin, Germany","€ 69"
"HotelHotel ""Helle Mitte"" Berlin","7 Kurt-Weill-Gasse rezeption 1 Etage, Marzahn-Hellersdorf, 12627 Berlin, Germany","€ 75"
"HotelHotel Delta am Potsdamer Platz","Pohlstr. 58, Mitte, 10785 Berlin, Germany","€ 104"
"HotelHotel Spreewitz am Kurfürstendamm","Kantstr. 104, Charlottenburg-Wilmersdorf, 10627 Berlin, Germany","€ 71"
"HotelHotel Grunewald","Kronprinzessinnenweg 120, Steglitz-Zehlendorf, 14129 Berlin, Germany",
"HotelArtim Hotel","Fuggerstr. 20, Tempelhof-Schöneberg, 10777 Berlin, Germany","€ 97"
"HotelGood Morning + Berlin City East","Ruschestr. 45, Lichtenberg, 10367 Berlin, Germany","€ 62"
"HotelHotel Abendstern","Stuttgarter Platz 8, Charlottenburg-Wilmersdorf, 10627 Berlin, Germany","€ 72"
"HotelHotel Ambert","Brandenburgische Str. 18, Charlottenburg-Wilmersdorf, 10707 Berlin, Germany",
"HotelHotel AI Königshof","Stuttgarter Platz 7, Charlottenburg-Wilmersdorf, 10627 Berlin, Germany","€ 61"
"HotelAlper Hotel am Potsdamer Platz","Potsdamer Str. 82-84, Mitte, 10785  Berlin, Germany",
"HotelBornholmer Hof im Prenzlauer Berg","Bornholmer Str. 92, Prenzlauer Berg, 10439  Berlin, Germany","€ 84"
"HotelHotel Haubach","Haubachstrasse 22, Charlottenburg-Wilmersdorf, 10585 Berlin, Germany","€ 65"
"HotelCity-Hotel Ansbach am Kurfürstendamm","Ansbacher Str. 4, Tempelhof-Schöneberg, 10787 Berlin, Germany",
"HotelHotel Eckstein","Schildhornstr. 72, Steglitz-Zehlendorf, 12163 Berlin, Germany",
"HotelHotel Albertin","Smetanastraße 10, Pankow, 13088 Berlin, Germany",
"HotelHotel Wittelsbach am Kurfürstendamm","Wittelsbacherstr. 22, Charlottenburg-Wilmersdorf, 10707 Berlin, Germany","€ 75"
"HotelHotel Europa City","Konstanzer Str. 60, Charlottenburg-Wilmersdorf, 10707 Berlin, Germany","€ 95"
"HotelHotel Amadeus Central","Hohenzollerndamm 57, Charlottenburg-Wilmersdorf, 14199 Berlin, Germany","€ 41"
"HotelSafestay Berlin","Bayreuther Str. 10, Tempelhof-Schöneberg, 10789 Berlin, Germany",
"HotelHotel Comet am Kurfürstendamm","Kurfürstendamm 175, Charlottenburg-Wilmersdorf, 10707 Berlin, Germany","€ 58"
"HotelHotel MANI by AMANO Group","Torstraße 136, Mitte, 10119 Berlin, Germany","€ 104"
"HotelHotel Augusta Am Kurfürstendamm","Fasanenstr. 22, Charlottenburg-Wilmersdorf, 10719 Berlin, Germany","€ 87"
"HotelHotel Elegia am Kurfürstendamm","Niebuhrstr. 74, Charlottenburg-Wilmersdorf, 10629 Berlin, Germany","€ 63"
"HotelAdrema Hotel","Gotzkowskystr. 20-21, Mitte, 10555 Berlin, Germany","€ 101"
"HotelTom's Hotel (Gay Hotel)","Motzstr. 19, Tempelhof-Schöneberg, 10777 Berlin, Germany","€ 70"
"Hotelibis Styles Berlin Treptow","Spreestr. 14, Treptow-Köpenick, 12439 Berlin, Germany","€ 80"
"HotelBusinesshotel Berlin","Pasewalker Straße 97, Pankow, 13127 Berlin, Germany",
"HotelBrauhaus in Spandau","Neuendorfer Straße 1 Brauhaus in Spandau, Spandau, 13585 Berlin, Germany","€ 108"
"HotelSchlosshotel Berlin by Patrick Hellmann","Brahmsstr. 10, Charlottenburg-Wilmersdorf, 14193 Berlin, Germany","€ 207"
"HotelArt Hotel Charlottenburger Hof Berlin","Stuttgarter Platz 14, Charlottenburg-Wilmersdorf, 10627 Berlin, Germany","€ 161"
"HotelAspria Berlin Ku'damm","Karlsruher Str. 20, Charlottenburg-Wilmersdorf, 10711 Berlin, Germany","€ 134"
"HotelHotel Märkischer Hof","Linienstr. 133, Mitte, 10115 Berlin, Germany","€ 58"
"HotelWilde Aparthotels by Staycity, Berlin, Checkpoint Charlie","91 Zimmerstraße, Mitte, 10117 Berlin, Germany","€ 125"
"HotelQuentin Boutique Hotel","Neue Kantstraße 1, Charlottenburg-Wilmersdorf, 14057 Berlin, Germany",
"HotelNovotel Berlin Mitte","Fischerinsel 12, Mitte, 10179 Berlin, Germany","€ 106"
"HotelOotel.com","Allee der Kosmonauten 32, Marzahn-Hellersdorf, 12681 Berlin, Germany","€ 43"
"HotelThe Circus Hotel","Rosenthalerstr. 1, Mitte, 10119 Berlin, Germany",
"HotelOcak Hotel & Apartment","Jülicher Straße 15, Mitte, 13357 Berlin, Germany","€ 101"
"HotelCity Hotel am Kurfürstendamm","Kurfürstendamm 173, Charlottenburg-Wilmersdorf, 10707 Berlin, Germany",
"HotelHotel B1","Am Niederfeld 7, Marzahn-Hellersdorf, 12621 Berlin, Germany","€ 54"
"HotelLebensQuelle am Checkpoint Charlie","Axel-Springer-Str. 42, Friedrichshain-Kreuzberg, 10969 Berlin, Germany","€ 79"
"HotelHotel BELLEVUE am Kurfürstendamm","Emserstr. 19-20, Charlottenburg-Wilmersdorf, 10719 Berlin, Germany","€ 73"
"AparthotelThe Mandala Suites","Friedrichstr. 185-190, Mitte, 10117 Berlin, Germany","€ 171"
"HotelDas Literaturhotel Berlin","Fregestraße 68, Tempelhof-Schöneberg, 12159 Berlin, Germany",
"HotelHotel Adelante Berlin-Mitte","Borsigstr. 1, Mitte, 10115 Berlin, Germany","€ 120"
"HotelHotel Cityblick","Kantstr. 71, Charlottenburg-Wilmersdorf, 10627 Berlin, Germany",
"HotelSolitaire Hotel","Hermann-Hesse-Str. 64, Pankow, 13156 Berlin, Germany","€ 85"
"HotelHotel Nova","Weitlingstraße 15, Lichtenberg, 10317 Berlin, Germany",
"HotelThe Aga's Hotel Berlin","Rhinstr. 42, Marzahn-Hellersdorf, 12681 Berlin, Germany","€ 73"
"HotelAlbergo City Hotel Berlin","Hohenzollerndamm 33, Charlottenburg-Wilmersdorf, 10713 Berlin, Germany","€ 104"
"HotelHOLI-Berlin Hotel","Wönnichstraße 69-71, Lichtenberg, 10317 Berlin, Germany","€ 57"
"HotelSensCity Hotel Berlin Spandau","Heidereuterstr. 37-38, Spandau, 13597 Berlin, Germany","€ 75"
"HotelH24 Berlin Lichtenberg","Herzbergstraße 139, Lichtenberg, 10365 Berlin, Germany",
"AparthotelAMANO Home","Torstrasse 52, Mitte, 10119 Berlin, Germany","€ 95"
"HotelNovotel Berlin Am Tiergarten","Straße des 17. Juni 106-108, Charlottenburg-Wilmersdorf, 10623 Berlin, Germany","€ 122"
"AparthotelBelfort Berlin","24 Belforter Straße, Prenzlauer Berg, 10405 Berlin, Germany","€ 114"
"HotelLiving Hotel Berlin Mitte","Neue Rossstr. 13, Mitte, 10179 Berlin, Germany","€ 79"
"HotelHotel BIG MAMA Berlin","Koloniestrasse 24, Mitte, 13359 Berlin, Germany","€ 73"
"HotelHotel Brandies an der Messe","Kaiserdamm 27, Charlottenburg-Wilmersdorf, 14057 Berlin, Germany","€ 97"
"HotelMercure Hotel Chateau Berlin am Kurfürstendamm","Knesebeckstr. 38-49, Charlottenburg-Wilmersdorf, 10719 Berlin, Germany","€ 94"
"HotelCheck In Hotel","Michael-Brückner-Str. 1A, Treptow-Köpenick, 12439 Berlin, Germany","€ 71"
"HotelTeikyo Berlin - Hotel am Zeuthener See","Schmöckwitzer Damm 1G, Treptow-Köpenick, 12527 Berlin, Germany",
"HotelBoutique Hotel Alexander","Pariser Str. 37, Charlottenburg-Wilmersdorf, 10707 Berlin, Germany","€ 77"
"HotelGolden Tulip Berlin Hotel Hamburg","Landgrafenstr. 4, Mitte, 10787 Berlin, Germany","€ 93"
"HotelHotel Castell am Kurfürstendamm","Wielandstr. 24, Charlottenburg-Wilmersdorf, 10707 Berlin, Germany","€ 55"
"HotelABION Villa Suites","Alt-Moabit 99, Mitte, 10559 Berlin, Germany","€ 170"
"HotelHotel-Maison Am Olivaer Platz","Leibnizstr. 57, Charlottenburg-Wilmersdorf, 10629 Berlin, Germany","€ 71"
"HotelIBB Blue Hotel Adlershof Berlin-Airport","Groß-Berliner Damm 71, Treptow-Köpenick, 12487 Berlin, Germany","€ 78"
"HotelHotel Rheinsberg am See","Finsterwalder Str. 64, Reinickendorf, 13435 Berlin, Germany",
"AparthotelHSH Hotel Apartments Mitte","Invalidenstr. 32-33, Mitte, 10115 Berlin, Germany","€ 97"
"HotelBoutique Hotel Fährhaus","Aalemannufer 31, Spandau, 13587 Berlin, Germany","€ 107"
"HotelDAS SCHMÖCKWITZ","Wernsdorfer Straße 43, Treptow-Köpenick, 12527 Berlin, Germany","€ 180"
"HotelHotel Sylter Hof Berlin Superior","Kurfürstenstr. 114-116, 10787 Berlin, Germany","€ 163"
"HotelCourtyard by Marriott Berlin City Center","Axel-Springer-Str. 55, Mitte, 10117 Berlin, Germany","€ 131"
"HotelDietrich-Bonhoeffer-Hotel Berlin Mitte","Ziegelstr. 30, Mitte, 10117 Berlin, Germany","€ 139"
"HotelA25Hotel","Hagenstraße 1a, Pankow, 13125 Berlin, Germany","€ 103"
"HotelHotel ARRIVAL","Lietzenburger Str. 30, Charlottenburg-Wilmersdorf, 10789 Berlin, Germany","€ 66"
"AparthotelADAPT APARTMENTS BERLIN - Adlershof","Erich-Thilo-Straße 3, Treptow-Köpenick, 12489 Berlin, Germany","€ 116"
"HotelHotel Arena Rooms - Berlin Mitte","Habersaathstraße 40a-42, Mitte, 10115 Berlin, Germany","€ 72"
"HotelMercure Hotel Berlin Zentrum","Fuggerstr. 8, Tempelhof-Schöneberg, 10777 Berlin, Germany","€ 80"
"HotelHotel Riehmers Hofgarten","Yorckstr. 83, Friedrichshain-Kreuzberg, 10965 Berlin, Germany","€ 149"
"HotelGarden Living - Boutique Hotel","Invalidenstraße 101, Mitte, 10115 Berlin, Germany","€ 119"
"HotelNovum Style Hotel Aldea","Bülowstraße 19, Tempelhof-Schöneberg, 10783 Berlin, Germany","€ 81"
"HotelHotel Kryom's 108","Wünsdorfer Str. 108, Tempelhof-Schöneberg, 12307 Berlin, Germany",
"HotelMonbijou Hotel","Monbijouplatz 1, Mitte, 10178 Berlin, Germany","€ 132"
"HotelSORAT Hotel Ambassador","Bayreuther Str. 42-43, Tempelhof-Schöneberg, 10787 Berlin, Germany","€ 95"
"HotelHotel St.-Michaels-Heim","Bismarckallee 23, Charlottenburg-Wilmersdorf, 14193 Berlin, Germany","€ 104"
"HotelLouisa's Place","Kurfürstendamm 160, Charlottenburg-Wilmersdorf, 10709 Berlin, Germany","€ 151"
"HotelGold Hotel","Weserstr. 24, Friedrichshain-Kreuzberg, 10247 Berlin, Germany",
"HotelHotel Pension Savoy near Kurfürstendamm","Meineke Str. 4, Charlottenburg-Wilmersdorf, 10719 Berlin, Germany","€ 83"
"HotelHotel Die Schule","Kastanienallee 82, Prenzlauer Berg, 10435 Berlin, Germany","€ 118"
"HotelHotel Pension Xantener Eck","Xantener Str. 1, Charlottenburg-Wilmersdorf, 10707 Berlin, Germany","€ 74"
"HotelHotel Franke","Albrecht-Achilles-Str. 57, Charlottenburg-Wilmersdorf, 10709 Berlin, Germany","€ 70"
"HotelGaijin Hotel","2 Nollendorfplatz, Tempelhof-Schöneberg, 10777 Berlin, Germany","€ 112"
"HotelOrania.Berlin","Oranienplatz 17, Friedrichshain-Kreuzberg, 10999 Berlin, Germany","€ 173"
"HotelArte Luise Kunsthotel","Luisenstr. 19, Mitte, 10117 Berlin, Germany","€ 65"
"HotelHotel Amelie Berlin West","Kaiserdamm 29, Charlottenburg-Wilmersdorf, 14057 Berlin, Germany","€ 89"
"AparthotelKarlito Apartmenthaus","Linienstraße 60, Mitte, 10119 Berlin, Germany","€ 111"
"HotelHotel Q! Berlin","Knesebeckstr. 67, Charlottenburg-Wilmersdorf, 10623 Berlin, Germany","€ 119"
